-- MySQL dump 10.13  Distrib 5.5.46, for debian-linux-gnu (x86_64)
--
-- Host: localhost    Database: hosighost
-- ------------------------------------------------------
-- Server version	5.5.46-0ubuntu0.14.04.2

/*!40101 SET @OLD_CHARACTER_SET_CLIENT=@@CHARACTER_SET_CLIENT */;
/*!40101 SET @OLD_CHARACTER_SET_RESULTS=@@CHARACTER_SET_RESULTS */;
/*!40101 SET @OLD_COLLATION_CONNECTION=@@COLLATION_CONNECTION */;
/*!40101 SET NAMES utf8 */;
/*!40103 SET @OLD_TIME_ZONE=@@TIME_ZONE */;
/*!40103 SET TIME_ZONE='+00:00' */;
/*!40014 SET @OLD_UNIQUE_CHECKS=@@UNIQUE_CHECKS, UNIQUE_CHECKS=0 */;
/*!40014 SET @OLD_FOREIGN_KEY_CHECKS=@@FOREIGN_KEY_CHECKS, FOREIGN_KEY_CHECKS=0 */;
/*!40101 SET @OLD_SQL_MODE=@@SQL_MODE, SQL_MODE='NO_AUTO_VALUE_ON_ZERO' */;
/*!40111 SET @OLD_SQL_NOTES=@@SQL_NOTES, SQL_NOTES=0 */;

--
-- Table structure for table `auth_group`
--

DROP TABLE IF EXISTS `auth_group`;
/*!40101 SET @saved_cs_client     = @@character_set_client */;
/*!40101 SET character_set_client = utf8 */;
CREATE TABLE `auth_group` (
  `id` int(11) NOT NULL AUTO_INCREMENT,
  `name` varchar(80) NOT NULL,
  PRIMARY KEY (`id`),
  UNIQUE KEY `name` (`name`)
) ENGINE=InnoDB DEFAULT CHARSET=utf8;
/*!40101 SET character_set_client = @saved_cs_client */;

--
-- Dumping data for table `auth_group`
--

LOCK TABLES `auth_group` WRITE;
/*!40000 ALTER TABLE `auth_group` DISABLE KEYS */;
/*!40000 ALTER TABLE `auth_group` ENABLE KEYS */;
UNLOCK TABLES;

--
-- Table structure for table `auth_group_permissions`
--

DROP TABLE IF EXISTS `auth_group_permissions`;
/*!40101 SET @saved_cs_client     = @@character_set_client */;
/*!40101 SET character_set_client = utf8 */;
CREATE TABLE `auth_group_permissions` (
  `id` int(11) NOT NULL AUTO_INCREMENT,
  `group_id` int(11) NOT NULL,
  `permission_id` int(11) NOT NULL,
  PRIMARY KEY (`id`),
  UNIQUE KEY `auth_group_permissions_group_id_0cd325b0_uniq` (`group_id`,`permission_id`),
  KEY `auth_group_permissi_permission_id_84c5c92e_fk_auth_permission_id` (`permission_id`),
  CONSTRAINT `auth_group_permissi_permission_id_84c5c92e_fk_auth_permission_id` FOREIGN KEY (`permission_id`) REFERENCES `auth_permission` (`id`),
  CONSTRAINT `auth_group_permissions_group_id_b120cbf9_fk_auth_group_id` FOREIGN KEY (`group_id`) REFERENCES `auth_group` (`id`)
) ENGINE=InnoDB DEFAULT CHARSET=utf8;
/*!40101 SET character_set_client = @saved_cs_client */;

--
-- Dumping data for table `auth_group_permissions`
--

LOCK TABLES `auth_group_permissions` WRITE;
/*!40000 ALTER TABLE `auth_group_permissions` DISABLE KEYS */;
/*!40000 ALTER TABLE `auth_group_permissions` ENABLE KEYS */;
UNLOCK TABLES;

--
-- Table structure for table `auth_permission`
--

DROP TABLE IF EXISTS `auth_permission`;
/*!40101 SET @saved_cs_client     = @@character_set_client */;
/*!40101 SET character_set_client = utf8 */;
CREATE TABLE `auth_permission` (
  `id` int(11) NOT NULL AUTO_INCREMENT,
  `name` varchar(255) NOT NULL,
  `content_type_id` int(11) NOT NULL,
  `codename` varchar(100) NOT NULL,
  PRIMARY KEY (`id`),
  UNIQUE KEY `auth_permission_content_type_id_01ab375a_uniq` (`content_type_id`,`codename`),
  CONSTRAINT `auth_permissi_content_type_id_2f476e4b_fk_django_content_type_id` FOREIGN KEY (`content_type_id`) REFERENCES `django_content_type` (`id`)
) ENGINE=InnoDB AUTO_INCREMENT=34 DEFAULT CHARSET=utf8;
/*!40101 SET character_set_client = @saved_cs_client */;

--
-- Dumping data for table `auth_permission`
--

LOCK TABLES `auth_permission` WRITE;
/*!40000 ALTER TABLE `auth_permission` DISABLE KEYS */;
INSERT INTO `auth_permission` VALUES (1,'Can add log entry',1,'add_logentry'),(2,'Can change log entry',1,'change_logentry'),(3,'Can delete log entry',1,'delete_logentry'),(4,'Can add permission',2,'add_permission'),(5,'Can change permission',2,'change_permission'),(6,'Can delete permission',2,'delete_permission'),(7,'Can add group',3,'add_group'),(8,'Can change group',3,'change_group'),(9,'Can delete group',3,'delete_group'),(10,'Can add user',4,'add_user'),(11,'Can change user',4,'change_user'),(12,'Can delete user',4,'delete_user'),(13,'Can add content type',5,'add_contenttype'),(14,'Can change content type',5,'change_contenttype'),(15,'Can delete content type',5,'delete_contenttype'),(16,'Can add session',6,'add_session'),(17,'Can change session',6,'change_session'),(18,'Can delete session',6,'delete_session'),(19,'Can add tag',7,'add_tag'),(20,'Can change tag',7,'change_tag'),(21,'Can delete tag',7,'delete_tag'),(22,'Can add post',8,'add_post'),(23,'Can change post',8,'change_post'),(24,'Can delete post',8,'delete_post'),(25,'Can add introduction',9,'add_introduction'),(26,'Can change introduction',9,'change_introduction'),(27,'Can delete introduction',9,'delete_introduction'),(28,'Can add contact_information',10,'add_contact_information'),(29,'Can change contact_information',10,'change_contact_information'),(30,'Can delete contact_information',10,'delete_contact_information'),(31,'Can add comment',11,'add_comment'),(32,'Can change comment',11,'change_comment'),(33,'Can delete comment',11,'delete_comment');
/*!40000 ALTER TABLE `auth_permission` ENABLE KEYS */;
UNLOCK TABLES;

--
-- Table structure for table `auth_user`
--

DROP TABLE IF EXISTS `auth_user`;
/*!40101 SET @saved_cs_client     = @@character_set_client */;
/*!40101 SET character_set_client = utf8 */;
CREATE TABLE `auth_user` (
  `id` int(11) NOT NULL AUTO_INCREMENT,
  `password` varchar(128) NOT NULL,
  `last_login` datetime DEFAULT NULL,
  `is_superuser` tinyint(1) NOT NULL,
  `username` varchar(30) NOT NULL,
  `first_name` varchar(30) NOT NULL,
  `last_name` varchar(30) NOT NULL,
  `email` varchar(254) NOT NULL,
  `is_staff` tinyint(1) NOT NULL,
  `is_active` tinyint(1) NOT NULL,
  `date_joined` datetime NOT NULL,
  PRIMARY KEY (`id`),
  UNIQUE KEY `username` (`username`)
) ENGINE=InnoDB AUTO_INCREMENT=2 DEFAULT CHARSET=utf8;
/*!40101 SET character_set_client = @saved_cs_client */;

--
-- Dumping data for table `auth_user`
--

LOCK TABLES `auth_user` WRITE;
/*!40000 ALTER TABLE `auth_user` DISABLE KEYS */;
INSERT INTO `auth_user` VALUES (1,'pbkdf2_sha256$24000$wuQZTMdeIUiI$0uVfOjCkYQSrDUVwrINJIYR76s7SLJBZSBqZ21ASGYI=','2016-01-15 22:36:54',1,'shihewhu','','','shihewhu@gmail.com',1,1,'2016-01-15 22:36:42');
/*!40000 ALTER TABLE `auth_user` ENABLE KEYS */;
UNLOCK TABLES;

--
-- Table structure for table `auth_user_groups`
--

DROP TABLE IF EXISTS `auth_user_groups`;
/*!40101 SET @saved_cs_client     = @@character_set_client */;
/*!40101 SET character_set_client = utf8 */;
CREATE TABLE `auth_user_groups` (
  `id` int(11) NOT NULL AUTO_INCREMENT,
  `user_id` int(11) NOT NULL,
  `group_id` int(11) NOT NULL,
  PRIMARY KEY (`id`),
  UNIQUE KEY `auth_user_groups_user_id_94350c0c_uniq` (`user_id`,`group_id`),
  KEY `auth_user_groups_group_id_97559544_fk_auth_group_id` (`group_id`),
  CONSTRAINT `auth_user_groups_group_id_97559544_fk_auth_group_id` FOREIGN KEY (`group_id`) REFERENCES `auth_group` (`id`),
  CONSTRAINT `auth_user_groups_user_id_6a12ed8b_fk_auth_user_id` FOREIGN KEY (`user_id`) REFERENCES `auth_user` (`id`)
) ENGINE=InnoDB DEFAULT CHARSET=utf8;
/*!40101 SET character_set_client = @saved_cs_client */;

--
-- Dumping data for table `auth_user_groups`
--

LOCK TABLES `auth_user_groups` WRITE;
/*!40000 ALTER TABLE `auth_user_groups` DISABLE KEYS */;
/*!40000 ALTER TABLE `auth_user_groups` ENABLE KEYS */;
UNLOCK TABLES;

--
-- Table structure for table `auth_user_user_permissions`
--

DROP TABLE IF EXISTS `auth_user_user_permissions`;
/*!40101 SET @saved_cs_client     = @@character_set_client */;
/*!40101 SET character_set_client = utf8 */;
CREATE TABLE `auth_user_user_permissions` (
  `id` int(11) NOT NULL AUTO_INCREMENT,
  `user_id` int(11) NOT NULL,
  `permission_id` int(11) NOT NULL,
  PRIMARY KEY (`id`),
  UNIQUE KEY `auth_user_user_permissions_user_id_14a6b632_uniq` (`user_id`,`permission_id`),
  KEY `auth_user_user_perm_permission_id_1fbb5f2c_fk_auth_permission_id` (`permission_id`),
  CONSTRAINT `auth_user_user_perm_permission_id_1fbb5f2c_fk_auth_permission_id` FOREIGN KEY (`permission_id`) REFERENCES `auth_permission` (`id`),
  CONSTRAINT `auth_user_user_permissions_user_id_a95ead1b_fk_auth_user_id` FOREIGN KEY (`user_id`) REFERENCES `auth_user` (`id`)
) ENGINE=InnoDB DEFAULT CHARSET=utf8;
/*!40101 SET character_set_client = @saved_cs_client */;

--
-- Dumping data for table `auth_user_user_permissions`
--

LOCK TABLES `auth_user_user_permissions` WRITE;
/*!40000 ALTER TABLE `auth_user_user_permissions` DISABLE KEYS */;
/*!40000 ALTER TABLE `auth_user_user_permissions` ENABLE KEYS */;
UNLOCK TABLES;

--
-- Table structure for table `blog_comment`
--

DROP TABLE IF EXISTS `blog_comment`;
/*!40101 SET @saved_cs_client     = @@character_set_client */;
/*!40101 SET character_set_client = utf8 */;
CREATE TABLE `blog_comment` (
  `id` int(11) NOT NULL AUTO_INCREMENT,
  `title` varchar(100) NOT NULL,
  `body` longtext NOT NULL,
  `posted` date NOT NULL,
  `author` varchar(100) NOT NULL,
  `blog_id` int(11) NOT NULL,
  PRIMARY KEY (`id`),
  KEY `blog_comment_blog_id_c664fb0d_fk_blog_post_id` (`blog_id`),
  CONSTRAINT `blog_comment_blog_id_c664fb0d_fk_blog_post_id` FOREIGN KEY (`blog_id`) REFERENCES `blog_post` (`id`)
) ENGINE=InnoDB DEFAULT CHARSET=utf8;
/*!40101 SET character_set_client = @saved_cs_client */;

--
-- Dumping data for table `blog_comment`
--

LOCK TABLES `blog_comment` WRITE;
/*!40000 ALTER TABLE `blog_comment` DISABLE KEYS */;
/*!40000 ALTER TABLE `blog_comment` ENABLE KEYS */;
UNLOCK TABLES;

--
-- Table structure for table `blog_contact_information`
--

DROP TABLE IF EXISTS `blog_contact_information`;
/*!40101 SET @saved_cs_client     = @@character_set_client */;
/*!40101 SET character_set_client = utf8 */;
CREATE TABLE `blog_contact_information` (
  `id` int(11) NOT NULL AUTO_INCREMENT,
  `name` varchar(100) NOT NULL,
  `email` varchar(100) NOT NULL,
  `phone_number` varchar(100) NOT NULL,
  `message` longtext NOT NULL,
  PRIMARY KEY (`id`)
) ENGINE=InnoDB AUTO_INCREMENT=2 DEFAULT CHARSET=utf8;
/*!40101 SET character_set_client = @saved_cs_client */;

--
-- Dumping data for table `blog_contact_information`
--

LOCK TABLES `blog_contact_information` WRITE;
/*!40000 ALTER TABLE `blog_contact_information` DISABLE KEYS */;
INSERT INTO `blog_contact_information` VALUES (1,'test1','test1@qq.com','1234567','just a test');
/*!40000 ALTER TABLE `blog_contact_information` ENABLE KEYS */;
UNLOCK TABLES;

--
-- Table structure for table `blog_introduction`
--

DROP TABLE IF EXISTS `blog_introduction`;
/*!40101 SET @saved_cs_client     = @@character_set_client */;
/*!40101 SET character_set_client = utf8 */;
CREATE TABLE `blog_introduction` (
  `id` int(11) NOT NULL AUTO_INCREMENT,
  `job_title` varchar(100) NOT NULL,
  `job_company` varchar(100) NOT NULL,
  `self_introduction` longtext NOT NULL,
  PRIMARY KEY (`id`),
  UNIQUE KEY `job_title` (`job_title`),
  UNIQUE KEY `job_company` (`job_company`)
) ENGINE=InnoDB AUTO_INCREMENT=2 DEFAULT CHARSET=utf8;
/*!40101 SET character_set_client = @saved_cs_client */;

--
-- Dumping data for table `blog_introduction`
--

LOCK TABLES `blog_introduction` WRITE;
/*!40000 ALTER TABLE `blog_introduction` DISABLE KEYS */;
INSERT INTO `blog_introduction` VALUES (1,'Software Engineer Development Internship','Facebook Inc.','I am currently a master candidate of Computer Science in Northeastern University.\r\nI achieved my bachelor of Engineering on Information Security from Wuhan University Computer School in 2014.');
/*!40000 ALTER TABLE `blog_introduction` ENABLE KEYS */;
UNLOCK TABLES;

--
-- Table structure for table `blog_post`
--

DROP TABLE IF EXISTS `blog_post`;
/*!40101 SET @saved_cs_client     = @@character_set_client */;
/*!40101 SET character_set_client = utf8 */;
CREATE TABLE `blog_post` (
  `id` int(11) NOT NULL AUTO_INCREMENT,
  `title` varchar(100) NOT NULL,
  `body` longtext NOT NULL,
  `posted` date NOT NULL,
  `subtitle` varchar(100) NOT NULL,
  `background_picture` varchar(100) NOT NULL,
  PRIMARY KEY (`id`),
  UNIQUE KEY `title` (`title`),
  KEY `blog_blog_c0e34cbf` (`posted`)
) ENGINE=InnoDB AUTO_INCREMENT=4 DEFAULT CHARSET=utf8;
/*!40101 SET character_set_client = @saved_cs_client */;

--
-- Dumping data for table `blog_post`
--

LOCK TABLES `blog_post` WRITE;
/*!40000 ALTER TABLE `blog_post` DISABLE KEYS */;
INSERT INTO `blog_post` VALUES (1,'test2','sss','2016-01-16','test','blog/static/img/clientserveremotingprogramming094.png'),(2,'test no bg','test no bg','2016-01-16','test no bg','/static/img/post-bg.jpg'),(3,'sss','sss','2016-01-16','sss','/static/img/post-bg.jpg');
/*!40000 ALTER TABLE `blog_post` ENABLE KEYS */;
UNLOCK TABLES;

--
-- Table structure for table `blog_post_tags`
--

DROP TABLE IF EXISTS `blog_post_tags`;
/*!40101 SET @saved_cs_client     = @@character_set_client */;
/*!40101 SET character_set_client = utf8 */;
CREATE TABLE `blog_post_tags` (
  `id` int(11) NOT NULL AUTO_INCREMENT,
  `post_id` int(11) NOT NULL,
  `tag_id` int(11) NOT NULL,
  PRIMARY KEY (`id`),
  UNIQUE KEY `blog_post_tags_post_id_4925ec37_uniq` (`post_id`,`tag_id`),
  KEY `blog_post_tags_tag_id_0875c551_fk_blog_tag_id` (`tag_id`),
  CONSTRAINT `blog_post_tags_tag_id_0875c551_fk_blog_tag_id` FOREIGN KEY (`tag_id`) REFERENCES `blog_tag` (`id`),
  CONSTRAINT `blog_post_tags_post_id_a1c71c8a_fk_blog_post_id` FOREIGN KEY (`post_id`) REFERENCES `blog_post` (`id`)
) ENGINE=InnoDB AUTO_INCREMENT=5 DEFAULT CHARSET=utf8;
/*!40101 SET character_set_client = @saved_cs_client */;

--
-- Dumping data for table `blog_post_tags`
--

LOCK TABLES `blog_post_tags` WRITE;
/*!40000 ALTER TABLE `blog_post_tags` DISABLE KEYS */;
INSERT INTO `blog_post_tags` VALUES (2,1,4),(3,2,4),(4,3,4);
/*!40000 ALTER TABLE `blog_post_tags` ENABLE KEYS */;
UNLOCK TABLES;

--
-- Table structure for table `blog_tag`
--

DROP TABLE IF EXISTS `blog_tag`;
/*!40101 SET @saved_cs_client     = @@character_set_client */;
/*!40101 SET character_set_client = utf8 */;
CREATE TABLE `blog_tag` (
  `id` int(11) NOT NULL AUTO_INCREMENT,
  `tag` varchar(100) NOT NULL,
  PRIMARY KEY (`id`),
  UNIQUE KEY `tag` (`tag`)
) ENGINE=InnoDB AUTO_INCREMENT=5 DEFAULT CHARSET=utf8;
/*!40101 SET character_set_client = @saved_cs_client */;

--
-- Dumping data for table `blog_tag`
--

LOCK TABLES `blog_tag` WRITE;
/*!40000 ALTER TABLE `blog_tag` DISABLE KEYS */;
INSERT INTO `blog_tag` VALUES (2,'Linux'),(4,'test'),(3,'Tomcat'),(1,'Web Development');
/*!40000 ALTER TABLE `blog_tag` ENABLE KEYS */;
UNLOCK TABLES;

--
-- Table structure for table `django_admin_log`
--

DROP TABLE IF EXISTS `django_admin_log`;
/*!40101 SET @saved_cs_client     = @@character_set_client */;
/*!40101 SET character_set_client = utf8 */;
CREATE TABLE `django_admin_log` (
  `id` int(11) NOT NULL AUTO_INCREMENT,
  `action_time` datetime NOT NULL,
  `object_id` longtext,
  `object_repr` varchar(200) NOT NULL,
  `action_flag` smallint(5) unsigned NOT NULL,
  `change_message` longtext NOT NULL,
  `content_type_id` int(11) DEFAULT NULL,
  `user_id` int(11) NOT NULL,
  PRIMARY KEY (`id`),
  KEY `django_admin__content_type_id_c4bce8eb_fk_django_content_type_id` (`content_type_id`),
  KEY `django_admin_log_user_id_c564eba6_fk_auth_user_id` (`user_id`),
  CONSTRAINT `django_admin_log_user_id_c564eba6_fk_auth_user_id` FOREIGN KEY (`user_id`) REFERENCES `auth_user` (`id`),
  CONSTRAINT `django_admin__content_type_id_c4bce8eb_fk_django_content_type_id` FOREIGN KEY (`content_type_id`) REFERENCES `django_content_type` (`id`)
) ENGINE=InnoDB AUTO_INCREMENT=15 DEFAULT CHARSET=utf8;
/*!40101 SET character_set_client = @saved_cs_client */;

--
-- Dumping data for table `django_admin_log`
--

LOCK TABLES `django_admin_log` WRITE;
/*!40000 ALTER TABLE `django_admin_log` DISABLE KEYS */;
INSERT INTO `django_admin_log` VALUES (1,'2016-01-15 22:37:54','1','Software Engineer Development Internship in Facebook Inc.',1,'Added.',9,1),(2,'2016-01-16 00:54:35','1','Software Engineer Development Internship in Facebook Inc.',2,'Changed self_introduction.',9,1),(3,'2016-01-16 00:54:39','1','Software Engineer Development Internship in Facebook Inc.',2,'No fields changed.',9,1),(4,'2016-01-16 00:58:41','1','Web Development',1,'Added.',7,1),(5,'2016-01-16 00:58:45','2','Linux',1,'Added.',7,1),(6,'2016-01-16 00:58:52','3','Tomcat',1,'Added.',7,1),(7,'2016-01-16 01:01:05','1','test2',1,'Added.',8,1),(8,'2016-01-16 16:43:58','1','test2',2,'No fields changed.',8,1),(9,'2016-01-16 16:44:06','1','test2',2,'No fields changed.',8,1),(10,'2016-01-16 17:16:30','4','test',1,'Added.',7,1),(11,'2016-01-16 17:16:33','1','test2',2,'Changed tags.',8,1),(12,'2016-01-16 17:25:01','1','test2',2,'Changed background_picture.',8,1),(13,'2016-01-16 17:27:33','2','test no bg',1,'Added.',8,1),(14,'2016-01-16 17:27:48','3','sss',1,'Added.',8,1);
/*!40000 ALTER TABLE `django_admin_log` ENABLE KEYS */;
UNLOCK TABLES;

--
-- Table structure for table `django_content_type`
--

DROP TABLE IF EXISTS `django_content_type`;
/*!40101 SET @saved_cs_client     = @@character_set_client */;
/*!40101 SET character_set_client = utf8 */;
CREATE TABLE `django_content_type` (
  `id` int(11) NOT NULL AUTO_INCREMENT,
  `app_label` varchar(100) NOT NULL,
  `model` varchar(100) NOT NULL,
  PRIMARY KEY (`id`),
  UNIQUE KEY `django_content_type_app_label_76bd3d3b_uniq` (`app_label`,`model`)
) ENGINE=InnoDB AUTO_INCREMENT=12 DEFAULT CHARSET=utf8;
/*!40101 SET character_set_client = @saved_cs_client */;

--
-- Dumping data for table `django_content_type`
--

LOCK TABLES `django_content_type` WRITE;
/*!40000 ALTER TABLE `django_content_type` DISABLE KEYS */;
INSERT INTO `django_content_type` VALUES (1,'admin','logentry'),(3,'auth','group'),(2,'auth','permission'),(4,'auth','user'),(11,'blog','comment'),(10,'blog','contact_information'),(9,'blog','introduction'),(8,'blog','post'),(7,'blog','tag'),(5,'contenttypes','contenttype'),(6,'sessions','session');
/*!40000 ALTER TABLE `django_content_type` ENABLE KEYS */;
UNLOCK TABLES;

--
-- Table structure for table `django_migrations`
--

DROP TABLE IF EXISTS `django_migrations`;
/*!40101 SET @saved_cs_client     = @@character_set_client */;
/*!40101 SET character_set_client = utf8 */;
CREATE TABLE `django_migrations` (
  `id` int(11) NOT NULL AUTO_INCREMENT,
  `app` varchar(255) NOT NULL,
  `name` varchar(255) NOT NULL,
  `applied` datetime NOT NULL,
  PRIMARY KEY (`id`)
) ENGINE=InnoDB AUTO_INCREMENT=17 DEFAULT CHARSET=utf8;
/*!40101 SET character_set_client = @saved_cs_client */;

--
-- Dumping data for table `django_migrations`
--

LOCK TABLES `django_migrations` WRITE;
/*!40000 ALTER TABLE `django_migrations` DISABLE KEYS */;
INSERT INTO `django_migrations` VALUES (1,'contenttypes','0001_initial','2016-01-15 22:34:32'),(2,'auth','0001_initial','2016-01-15 22:34:32'),(3,'admin','0001_initial','2016-01-15 22:34:32'),(4,'admin','0002_logentry_remove_auto_add','2016-01-15 22:34:32'),(5,'contenttypes','0002_remove_content_type_name','2016-01-15 22:34:32'),(6,'auth','0002_alter_permission_name_max_length','2016-01-15 22:34:32'),(7,'auth','0003_alter_user_email_max_length','2016-01-15 22:34:32'),(8,'auth','0004_alter_user_username_opts','2016-01-15 22:34:32'),(9,'auth','0005_alter_user_last_login_null','2016-01-15 22:34:32'),(10,'auth','0006_require_contenttypes_0002','2016-01-15 22:34:32'),(11,'auth','0007_alter_validators_add_error_messages','2016-01-15 22:34:32'),(12,'blog','0001_initial','2016-01-15 22:34:32'),(13,'blog','0002_auto_20160107_1307','2016-01-15 22:34:32'),(14,'blog','0003_auto_20160108_1445','2016-01-15 22:34:32'),(15,'blog','0004_auto_20160115_2234','2016-01-15 22:34:33'),(16,'sessions','0001_initial','2016-01-15 22:34:33');
/*!40000 ALTER TABLE `django_migrations` ENABLE KEYS */;
UNLOCK TABLES;

--
-- Table structure for table `django_session`
--

DROP TABLE IF EXISTS `django_session`;
/*!40101 SET @saved_cs_client     = @@character_set_client */;
/*!40101 SET character_set_client = utf8 */;
CREATE TABLE `django_session` (
  `session_key` varchar(40) NOT NULL,
  `session_data` longtext NOT NULL,
  `expire_date` datetime NOT NULL,
  PRIMARY KEY (`session_key`),
  KEY `django_session_de54fa62` (`expire_date`)
) ENGINE=InnoDB DEFAULT CHARSET=utf8;
/*!40101 SET character_set_client = @saved_cs_client */;

--
-- Dumping data for table `django_session`
--

LOCK TABLES `django_session` WRITE;
/*!40000 ALTER TABLE `django_session` DISABLE KEYS */;
INSERT INTO `django_session` VALUES ('87c1ekb7om94fgcecjw5fs5kh27e7os1','NjliODE3ODMxMTk3MTczY2Q1ZmU4MjVjMGNkMmEzYmU2NDJhMmYzMzp7Il9hdXRoX3VzZXJfaGFzaCI6IjY3ODY4NzZhZDMzMjk3NzcxY2I3YTU3M2RhNTk2OWUzN2E2MjljM2QiLCJfYXV0aF91c2VyX2JhY2tlbmQiOiJkamFuZ28uY29udHJpYi5hdXRoLmJhY2tlbmRzLk1vZGVsQmFja2VuZCIsIl9hdXRoX3VzZXJfaWQiOiIxIn0=','2016-01-29 22:36:54');
/*!40000 ALTER TABLE `django_session` ENABLE KEYS */;
UNLOCK TABLES;
/*!40103 SET TIME_ZONE=@OLD_TIME_ZONE */;

/*!40101 SET SQL_MODE=@OLD_SQL_MODE */;
/*!40014 SET FOREIGN_KEY_CHECKS=@OLD_FOREIGN_KEY_CHECKS */;
/*!40014 SET UNIQUE_CHECKS=@OLD_UNIQUE_CHECKS */;
/*!40101 SET CHARACTER_SET_CLIENT=@OLD_CHARACTER_SET_CLIENT */;
/*!40101 SET CHARACTER_SET_RESULTS=@OLD_CHARACTER_SET_RESULTS */;
/*!40101 SET COLLATION_CONNECTION=@OLD_COLLATION_CONNECTION */;
/*!40111 SET SQL_NOTES=@OLD_SQL_NOTES */;

-- Dump completed on 2016-01-16 17:42:21
